{
    "integrationUser": {
        "systemAdmin": false
    },
    "tiles": [
        {
            "displayName": "activity-tile",
            "name": "activity-tile",
            "description": "activity-tile",
            "style": "CUSTOM_VIEW",
            "displayWidth": "ALL",
            "dataProviderKey": "internal",
            "pageTypes": [
                "PLACE",
                "USER"
            ],
            "icons": {
                "16": "https://developer.jivesoftware.com/DeveloperAssets/images/icons/jivedev-xsmall.png",
                "48": "https://developer.jivesoftware.com/DeveloperAssets/images/icons/jivedev-small.png",
                "128": "https://developer.jivesoftware.com/DeveloperAssets/images/icons/jivedev-med.png"
            },
            "config": "https://pavel-ssh.tbarhack.duckdns.org/activity-tile/configuration.html?features=responsive,tile,core-v3&ts=1529574025481",
            "view": "https://pavel-ssh.tbarhack.duckdns.org/activity-tile/view.html?features=responsive,tile,core-v3&ts=1529574025481"
        }
    ]
}