{
    "package_version": "1.0",
    "id": "6df67018-2ea4-4b08-b920-d012ef298a0c",
    "type": "client-app",
    "name": "activity-tile",
    "description": "Description for activity-tile",
    "minimum_version": "0070300000",
    "icon_16": "extension-16.png",
    "icon_48": "extension-48.png",
    "icon_128": "extension-128.png",
    "register_url": "%serviceURL%/jive/oauth/register",
    "unregister_url": "%serviceURL%/jive/oauth/unregister",
    "redirect_url": "%serviceURL%",
    "released_on": "2018-03-08T13:14:21.566Z",
    "service_url": "https://pavel-ssh.tbarhack.duckdns.org"
}